index,text,true_label,predicted_label,error_type
26,fresh mushroom olive oil ricotta cheese grated parmesan cheese shredded mozzarella cheese tablespoon pesto,1,0,false_negative
29,heavy cream crumbled blue cheese prepared horseradish mustard powder,1,0,false_negative
32,skinless boneless chicken breast sour cream sherry tablespoon butter chopped fresh rosemary tablespoon chopped fresh thyme salt and pepper taste,1,0,false_negative
39,teaspoon italian seasoning seasoning salt mustard powder garlic powder ground black pepper whole chicken lemon tablespoon olive oil,1,0,false_negative
40,egg,1,0,false_negative
42,pound salmon fillet vegetable oil lemon juice green onion thinly sliced tablespoon minced fresh parsley teaspoon minced fresh rosemary salt pepper,1,0,false_negative
