{
  "NB_TEXT": {
    "path": "/app/artifacts/models/text/NB_TEXT_20250629_202235.pkl.gz",
    "task": "vegan",
    "f1_score": 0.975,
    "domain": "text"
  },
  "Softmax_TEXT": {
    "path": "/app/artifacts/models/text/Softmax_TEXT_20250629_202235.pkl.gz",
    "task": "vegan",
    "f1_score": 0.975,
    "domain": "text"
  },
  "Ridge_TEXT": {
    "path": "/app/artifacts/models/text/Ridge_TEXT_20250629_202235.pkl.gz",
    "task": "vegan",
    "f1_score": 0.9620253164556962,
    "domain": "text"
  },
  "PA_TEXT": {
    "path": "/app/artifacts/models/text/PA_TEXT_20250629_202235.pkl.gz",
    "task": "vegan",
    "f1_score": 0.975,
    "domain": "text"
  },
  "SGD_TEXT": {
    "path": "/app/artifacts/models/text/SGD_TEXT_20250629_202235.pkl.gz",
    "task": "vegan",
    "f1_score": 0.975,
    "domain": "text"
  },
  "LinearSVC_TEXT": {
    "path": "/app/artifacts/models/text/LinearSVC_TEXT_20250629_202235.pkl.gz",
    "task": "vegan",
    "f1_score": 0.975,
    "domain": "text"
  }
}